{"board_size": 4, "agent_mode": "random", "adversary_k": 5, "max_depth": 10, "max_iter": 50, "exploration_factor": 1.4142135623730951, "num_runs": 25, "avg_score": 1122.24, "max_score": 2860, "min_score": 244, "max_tile": 256, "runtime": 0.289114, "game_scores": [1184, 560, 920, 2860, 996, 736, 732, 1476, 1176, 876, 1352, 1336, 876, 1556, 244, 664, 1232, 1556, 1172, 1156, 1608, 896, 632, 908, 1352]}